{
  "acc_global": 0.9095852971076965,
  "accuracy": [
    0.9353650808334351,
    0.9660871624946594,
    0.956805408000946,
    0.9502317309379578,
    0.8713136911392212,
    0.9371756315231323,
    0.9193382859230042,
    0.9472649693489075,
    0.9374769926071167,
    0.934410035610199,
    0.9283246994018555,
    0.8663817048072815,
    0.9560898542404175,
    0.9075522422790527,
    0.93928462266922,
    0.8842217326164246,
    0.9088096618652344,
    0.9040956497192383,
    0.883724570274353,
    0.9030959010124207,
    0.9126567244529724,
    0.7028054594993591,
    0.9291346073150635,
    0.9167295098304749,
    0.8349442481994629
  ],
  "adv_acc_global": 0.4154685139656067,
  "adv_ious": [
    0.4143200218677521,
    0.013447555713355541,
    0.002579641994088888,
    0.0,
    0.003316545858979225,
    0.02209911309182644,
    0.04315534234046936,
    0.03068707324564457,
    0.0025040109176188707,
    0.010899031534790993,
    0.002049461007118225,
    0.029879173263907433,
    0.021758707240223885,
    0.022885136306285858,
    0.002686490537598729,
    0.005020054988563061,
    0.0,
    0.011089987121522427,
    0.03935191035270691
  ],
  "apsr": [
    0.9901296496391296,
    0.9901302456855774,
    0.990068256855011,
    0.9900986552238464,
    0.9901302456855774,
    0.9905493855476379,
    0.9900806546211243,
    0.9901129007339478,
    0.990134596824646,
    0.9910417199134827,
    0.9910373687744141,
    0.9908860921859741,
    0.9901098012924194,
    0.9912822842597961,
    0.9903435707092285,
    0.9900781512260437,
    0.9900608062744141,
    0.9912618398666382,
    0.9902927279472351,
    0.9910634160041809,
    0.9900465607643127,
    0.9902505278587341,
    0.9911167621612549,
    0.9924200773239136,
    0.9901742935180664
  ],
  "apsr_orig": [
    0.3571881949901581,
    0.41107311844825745,
    0.3898864686489105,
    0.4636819660663605,
    0.40660884976387024,
    0.4552556872367859,
    0.47089919447898865,
    0.4713878035545349,
    0.4176020920276642,
    0.4625900983810425,
    0.44469210505485535,
    0.3944393992424011,
    0.47062885761260986,
    0.4690861999988556,
    0.39575323462486267,
    0.48879778385162354,
    0.48603925108909607,
    0.4881213307380676,
    0.4857032001018524,
    0.45305702090263367,
    0.42956817150115967,
    0.4549679756164551,
    0.4184000790119171,
    0.4570227861404419,
    0.2863948941230774
  ],
  "distances": {
    "l1": [
      14052.7255859375,
      17179.65234375,
      15144.580078125,
      25217.3671875,
      28368.078125,
      26820.716796875,
      26211.5234375,
      31125.77734375,
      27923.16796875,
      20160.2578125,
      21560.412109375,
      21847.7734375,
      16024.1396484375,
      16724.025390625,
      16374.08984375,
      17115.02734375,
      18910.2890625,
      18609.27734375,
      9065.296875,
      11153.318359375,
      9877.84375,
      6834.56640625,
      6932.439453125,
      6879.2197265625,
      14594.830078125,
      15936.310546875,
      16259.296875,
      0.0,
      0.0,
      0.0,
      9894.9482421875,
      10351.400390625,
      10257.7470703125,
      26745.7265625,
      27406.75390625,
      27214.23828125,
      17378.8671875,
      18393.67578125,
      18634.4453125,
      19208.26171875,
      19494.078125,
      19470.990234375,
      25101.0703125,
      28543.48828125,
      28199.435546875,
      9624.8544921875,
      11407.638671875,
      11161.90234375,
      25142.8203125,
      29033.943359375,
      29393.6484375,
      14816.375,
      15447.3095703125,
      15620.3046875,
      2407.715087890625,
      2548.546142578125,
      2518.833984375,
      9632.20703125,
      9713.412109375,
      9697.7099609375,
      6664.7412109375,
      6887.42578125,
      6965.2509765625,
      7638.86767578125,
      8209.333984375,
      8165.0234375,
      13941.26953125,
      14417.01171875,
      14088.08984375,
      0.0,
      0.0,
      0.0,
      17415.99609375,
      18891.572265625,
      19080.02734375
    ],
    "l2": [
      15.387039184570312,
      17.437829971313477,
      16.062040328979492,
      22.779253005981445,
      24.673742294311523,
      23.683378219604492,
      24.726049423217773,
      27.710208892822266,
      25.77751350402832,
      18.733253479003906,
      19.65284538269043,
      19.809560775756836,
      13.48392391204834,
      13.882220268249512,
      13.681730270385742,
      15.523164749145508,
      16.595293045043945,
      16.428876876831055,
      9.3805513381958,
      10.750880241394043,
      9.84793472290039,
      5.700483798980713,
      5.757137775421143,
      5.725726127624512,
      13.7745361328125,
      14.641319274902344,
      14.830080032348633,
      0.0,
      0.0,
      0.0,
      8.366186141967773,
      8.625861167907715,
      8.569438934326172,
      23.409931182861328,
      23.812551498413086,
      23.678882598876953,
      16.820878982543945,
      17.396047592163086,
      17.592666625976562,
      17.413171768188477,
      17.614795684814453,
      17.644899368286133,
      23.992467880249023,
      26.10018539428711,
      25.804853439331055,
      9.630478858947754,
      10.837559700012207,
      10.68195915222168,
      27.088455200195312,
      29.64212417602539,
      30.110864639282227,
      13.519172668457031,
      13.908109664916992,
      14.049641609191895,
      2.1346471309661865,
      2.2215256690979004,
      2.202146291732788,
      7.967692852020264,
      8.031207084655762,
      8.010476112365723,
      5.703641891479492,
      5.834202766418457,
      5.8815226554870605,
      6.46024751663208,
      6.7844319343566895,
      6.759740352630615,
      12.092976570129395,
      12.405635833740234,
      12.202109336853027,
      0.0,
      0.0,
      0.0,
      16.10911750793457,
      17.07605743408203,
      17.22256851196289
    ],
    "linf": [
      0.02408716082572937,
      0.02408716082572937,
      0.02408716082572937,
      0.024171799421310425,
      0.024171799421310425,
      0.024171799421310425,
      0.02889212965965271,
      0.02889212965965271,
      0.02889212965965271,
      0.02152770757675171,
      0.02152770757675171,
      0.02152770757675171,
      0.012287303805351257,
      0.012287303805351257,
      0.012287303805351257,
      0.01683831214904785,
      0.01683831214904785,
      0.01683831214904785,
      0.013214111328125,
      0.013214111328125,
      0.013214111328125,
      0.005165725946426392,
      0.005165725946426392,
      0.005165725946426392,
      0.016377121210098267,
      0.016377121210098267,
      0.016377121210098267,
      0.0,
      0.0,
      0.0,
      0.007716506719589233,
      0.007716506719589233,
      0.007716506719589233,
      0.023360222578048706,
      0.023360222578048706,
      0.023360222578048706,
      0.021381676197052002,
      0.021381676197052002,
      0.021381676197052002,
      0.019312024116516113,
      0.019312024116516113,
      0.019312024116516113,
      0.028748244047164917,
      0.028748244047164917,
      0.028748244047164917,
      0.013472110033035278,
      0.013472110033035278,
      0.013472110033035278,
      0.044303327798843384,
      0.044303327798843384,
      0.044303327798843384,
      0.014940112829208374,
      0.014940112829208374,
      0.014940112829208374,
      0.002184838056564331,
      0.002184838056564331,
      0.002184838056564331,
      0.007149726152420044,
      0.007149726152420044,
      0.007149726152420044,
      0.005403071641921997,
      0.005403071641921997,
      0.005403071641921997,
      0.005954325199127197,
      0.005954325199127197,
      0.005954325199127197,
      0.011970415711402893,
      0.011970430612564087,
      0.011970415711402893,
      0.0,
      0.0,
      0.0,
      0.018433183431625366,
      0.018433183431625366,
      0.018433183431625366
    ]
  },
  "image_names": {
    "base": {
      "byteorder": "<",
      "dtype": "<U65",
      "py/object": "numpy.ndarray",